{"train_loss": 0.23458778858184814, "val_loss": 406.71735252439976, "epochs": 4, "_timestamp": 1682300625.1877496, "_runtime": 2684.166668653488, "_step": 4, "_wandb": {"runtime": 2683}}