{"train_loss": 1.0080288648605347, "val_loss": 930.3114863038063, "epochs": 4, "_timestamp": 1682304696.3786392, "_runtime": 4060.5894582271576, "_step": 4, "_wandb": {"runtime": 4059}}