{"train_loss": 0.7870505241723731, "val_loss": 0.31284918467281386, "epochs": 0, "training_accuracy": 0.01599609375, "val_accuracy": 0.097412109375, "_timestamp": 1683925546.7606761, "_runtime": 295.0567750930786, "_step": 0}