{"train_loss": 0.4608697295188904, "val_loss": 404.2623066455126, "epochs": 4, "_timestamp": 1682293151.8660874, "_runtime": 4108.177694320679, "_step": 4, "_wandb": {"runtime": 4107}}