{"train_loss": 1.0585362149775028, "val_loss": 0.8525337509345263, "epochs": 0, "training_accuracy": 0.0, "val_accuracy": 0.0, "_timestamp": 1683884852.7578998, "_runtime": 382.5801348686218, "_step": 0}