{"train_loss": 0.5187800526618958, "val_loss": 394.3644594103098, "epochs": 4, "_timestamp": 1682297917.8865142, "_runtime": 4743.513085126877, "_step": 4, "_wandb": {"runtime": 4742}}