{"train_loss": 0.9291673302650452, "val_loss": 916.1173802614212, "epochs": 4, "_timestamp": 1682309750.425954, "_runtime": 5044.950083017349, "_step": 4, "_wandb": {"runtime": 5044}}