{"train_loss": 0.4998888671398163, "val_loss": 392.87652166187763, "epochs": 4, "_timestamp": 1682285989.0675466, "_runtime": 2723.7779455184937, "_step": 4, "_wandb": {"runtime": 2722}}