{"train_loss": 0.8370373845100403, "val_loss": 885.8013433218002, "epochs": 4, "_timestamp": 1682289034.218878, "_runtime": 3026.722139120102, "_step": 4, "_wandb": {"runtime": 3025}}