{"train_loss": 0.8346776366233826, "val_loss": 897.681206703186, "epochs": 4, "_timestamp": 1682283233.700594, "_runtime": 3314.8015508651733, "_step": 4, "_wandb": {"runtime": 3313}}